timestamp,water_meter_reading,location
15-08-2024 06:30,145.86,Chandni Chowk
27-08-2024 08:27,147.11,Shalimar Bagh
10-08-2024 09:56,210.85,Shahdara
18-08-2024 11:02,225.05,Okhla
21-08-2024 04:45,178.42,Rohini
31-08-2024 02:10,131.49,Dwarka
24-08-2024 13:54,245.35,Greater Kailash
08-08-2024 17:41,128.38,Bawana
14-08-2024 03:11,214.87,Model Town
03-09-2024 01:19,189.78,Udyog Vihar
26-08-2024 16:02,296.09,Kanjhawala
21-08-2024 03:08,159.21,Rohini
01-09-2024 18:35,262.81,Dwarka
28-08-2024 15:43,219.67,Shankar Market
16-08-2024 02:22,182.86,Dwarka Sector 21
16-08-2024 14:57,271.55,Rajouri Garden
08-08-2024 20:31,178.5,Wazirpur
22-08-2024 12:08,147.39,New Delhi Railway Station Area
15-08-2024 15:22,189.05,Wazirpur
19-08-2024 09:20,156.56,Narela
06-09-2024 15:39,105.32,Saket
23-08-2024 00:59,240.47,Okhla
21-08-2024 10:24,109.43,Paschim Vihar
02-09-2024 00:00,264.13,Okhla
29-08-2024 07:11,279.54,New Delhi Railway Station Area
04-09-2024 19:32,267.64,Rohini
02-09-2024 06:48,148.78,Dwarka
25-08-2024 04:01,133.66,Chandni Chowk
24-08-2024 23:35,173.22,Vasant Kunj
03-09-2024 01:10,138.51,Palam
23-08-2024 09:56,241.7,Wazirpur
17-08-2024 11:31,141.56,Kalkaji
16-08-2024 22:06,138.18,India Gate
29-08-2024 04:44,102.3,Model Town
26-08-2024 05:38,231.45,Saket
02-09-2024 02:03,175.36,Rajpath
15-08-2024 02:57,221.93,Janakpuri
29-08-2024 17:20,145.31,New Delhi Railway Station Area
31-08-2024 14:39,192.89,Palam
11-08-2024 04:36,188.62,Shalimar Bagh
01-09-2024 12:02,160.38,Chandni Chowk
12-08-2024 14:06,104.45,Chandni Chowk
30-08-2024 17:45,168.68,Udyog Vihar
29-08-2024 10:48,243.75,Najafgarh
16-08-2024 19:24,159.11,Shankar Market
23-08-2024 22:26,192.13,Palam
23-08-2024 21:03,153.2,Paharganj
05-09-2024 14:32,285.14,Hauz Khas
05-09-2024 19:07,193.39,Najafgarh
20-08-2024 00:05,115.53,Dilshad Garden
05-09-2024 01:38,233.97,Rajouri Garden
27-08-2024 11:53,279.89,India Gate
15-08-2024 12:09,128.29,Paharganj
10-08-2024 22:59,186.51,Model Town
14-08-2024 23:33,284.25,Paharganj
27-08-2024 16:50,251.64,Mayur Vihar
12-08-2024 06:01,136.67,Connaught Place
30-08-2024 21:35,158.97,Shahdara
21-08-2024 12:10,190.23,Vasant Kunj
18-08-2024 06:44,113.87,Shahdara
30-08-2024 15:54,188.3,India Gate
13-08-2024 19:30,235.35,Timarpur
11-08-2024 01:57,123.5,Saket
17-08-2024 22:08,295.09,Yamuna Vihar
16-08-2024 10:48,107.78,Palam
01-09-2024 09:11,280.76,Dilshad Garden
21-08-2024 11:19,234.55,New Delhi Railway Station Area
02-09-2024 14:53,212.87,Kakrola
08-08-2024 04:16,132.07,India Gate
16-08-2024 10:05,294.95,Yamuna Vihar
15-08-2024 14:43,281,Connaught Place
28-08-2024 23:10,115.05,Pragati Maidan
09-08-2024 17:36,286.83,Dwarka Sector 21
17-08-2024 08:46,187.97,Bawana
19-08-2024 16:27,196.42,Dwarka
26-08-2024 11:53,147.72,Pragati Maidan
03-09-2024 23:21,256.83,Dilshad Garden
13-08-2024 03:39,210.09,Saket
09-08-2024 09:52,114.58,Kanjhawala
30-08-2024 20:32,116.78,Shalimar Bagh
11-08-2024 22:29,166.76,Rajpath
24-08-2024 11:37,260.41,Rohini
08-08-2024 10:03,216.45,Punjabi Bagh
27-08-2024 13:25,181.75,Rajpath
23-08-2024 14:48,156.98,Saket
13-08-2024 08:39,104.8,Lajpat Nagar
12-08-2024 04:50,289.68,Janpath
04-09-2024 18:54,299.84,Janpath
20-08-2024 11:03,173.35,Mayur Vihar
21-08-2024 11:19,117.93,Paschim Vihar
16-08-2024 23:23,177.95,Dwarka
12-08-2024 13:34,270.6,Rohini
21-08-2024 06:05,136.77,Dilshad Garden
22-08-2024 10:03,124.95,India Gate
25-08-2024 08:10,170.51,Punjabi Bagh
18-08-2024 13:08,191.22,Karol Bagh
27-08-2024 16:29,205,Kakrola
19-08-2024 19:06,286.05,Rohini
09-08-2024 14:48,165.58,Janakpuri
24-08-2024 15:52,120.05,Kanjhawala
01-09-2024 21:20,222.88,Chandni Chowk
13-08-2024 18:27,129.93,Kanjhawala
08-08-2024 11:00,256.47,Dwarka Sector 21
19-08-2024 00:51,285.85,Okhla
09-08-2024 12:15,138.94,Dwarka
13-08-2024 06:10,271.25,Mayur Vihar
20-08-2024 22:41,204.28,Rajouri Garden
02-09-2024 05:55,278.53,Okhla
23-08-2024 15:32,200.47,Yamuna Vihar
05-09-2024 08:42,247.17,Rohini
18-08-2024 08:31,179.04,India Gate
31-08-2024 20:54,259.92,Narela
29-08-2024 04:05,134.07,Dwarka
20-08-2024 05:48,136.56,Dilshad Garden
27-08-2024 06:35,282.9,Kakrola
14-08-2024 08:22,181.85,Okhla Industrial Area
27-08-2024 06:34,151.1,Greater Kailash
29-08-2024 10:36,207.93,Bawana
13-08-2024 22:32,197.22,Paschim Vihar
04-09-2024 22:20,223.96,Chandni Chowk
31-08-2024 10:47,214.93,Pitampura
09-08-2024 12:26,274.7,Rohini
29-08-2024 23:14,258.42,Paharganj
24-08-2024 12:40,297.63,Dilshad Garden
03-09-2024 19:20,288.95,Udyog Vihar
10-08-2024 15:46,180.03,Pitampura
25-08-2024 01:00,214.88,Lajpat Nagar
20-08-2024 00:04,153.22,Rohini
12-08-2024 04:54,105.94,Rajpath
03-09-2024 19:36,248.94,Greater Kailash
20-08-2024 10:09,288.48,Anand Vihar
21-08-2024 11:56,100.04,Dwarka
02-09-2024 17:12,170.08,Mandi House
28-08-2024 07:20,217.2,Janakpuri
06-09-2024 10:02,119.23,Mayur Vihar
28-08-2024 22:56,143.82,Anand Vihar
31-08-2024 19:21,272.67,Rajouri Garden
30-08-2024 07:31,127.09,Okhla Industrial Area
25-08-2024 14:32,222.35,Rajouri Garden
25-08-2024 00:22,223.13,Hauz Khas
01-09-2024 01:48,267.26,Preet Vihar
08-08-2024 08:24,210.09,Rohini
01-09-2024 01:49,119.6,Dwarka
31-08-2024 11:33,145.87,Lajpat Nagar
08-08-2024 02:55,272.41,Yamuna Vihar
21-08-2024 11:44,270.55,Mandi House
03-09-2024 15:34,207.9,Bawana
15-08-2024 11:57,251.26,Punjabi Bagh
09-08-2024 13:55,196.65,Yamuna Vihar
02-09-2024 03:35,205.64,Rohini
15-08-2024 01:03,210.09,Okhla Industrial Area
10-08-2024 05:50,116.44,Rohini
10-08-2024 08:36,273.8,Rohini
06-09-2024 22:16,277.05,Pitampura
10-08-2024 06:25,230.83,Paschim Vihar
29-08-2024 23:25,270.77,Punjabi Bagh
06-09-2024 05:16,217.07,Model Town
17-08-2024 13:46,187.74,Yamuna Vihar
05-09-2024 21:07,238.12,Anand Vihar
15-08-2024 12:09,276.64,Dwarka
21-08-2024 20:37,200.2,Kanjhawala
24-08-2024 13:40,175.47,Rajouri Garden
30-08-2024 10:14,291.76,Anand Vihar
29-08-2024 09:39,249.15,Preet Vihar
08-08-2024 02:07,209.72,Model Town
14-08-2024 06:54,158.94,Shankar Market
29-08-2024 10:19,126.98,Punjabi Bagh
24-08-2024 10:33,251.38,CP (Connaught Place)
19-08-2024 03:47,143.96,Dwarka
05-09-2024 22:30,130.25,Janakpuri
10-08-2024 02:14,181.95,Hauz Khas
17-08-2024 16:22,112.85,Shahdara
31-08-2024 19:03,206.86,Saket
08-08-2024 00:31,115.72,Model Town
15-08-2024 03:48,220.48,Dwarka Sector 21
23-08-2024 14:49,159.42,Yamuna Vihar
29-08-2024 01:51,298.55,Paharganj
19-08-2024 13:15,149.18,CP (Connaught Place)
21-08-2024 13:22,272.04,New Delhi Railway Station Area
23-08-2024 11:21,206.43,Dwarka Sector 21
08-08-2024 15:59,164.7,Connaught Place
21-08-2024 11:34,248.07,Kakrola
16-08-2024 01:42,284,Karol Bagh
21-08-2024 21:57,108.49,Mayur Vihar
25-08-2024 08:09,171.01,Dwarka
28-08-2024 22:58,247.1,Rohini
27-08-2024 01:23,166.43,Dwarka Sector 21
20-08-2024 10:43,285.24,Okhla Industrial Area
04-09-2024 19:03,135.65,Karol Bagh
02-09-2024 05:59,106.07,Kanjhawala
23-08-2024 06:59,278.51,Paharganj
23-08-2024 00:15,181.06,Pitampura
21-08-2024 20:56,156.07,Greater Kailash
17-08-2024 06:04,266.71,Shankar Market
12-08-2024 16:13,231.68,Wazirpur
23-08-2024 01:49,176.73,Pitampura
15-08-2024 20:36,122.3,Najafgarh
17-08-2024 22:10,119.88,Dwarka Sector 21
10-08-2024 07:35,251.35,Yamuna Vihar
30-08-2024 01:33,132.95,Paschim Vihar
01-09-2024 03:01,194.32,Greater Kailash
05-09-2024 23:58,211.6,Janpath
15-08-2024 09:03,252.14,Rohini
04-09-2024 23:51,167.69,Punjabi Bagh
29-08-2024 01:25,170.26,Yamuna Vihar
18-08-2024 23:29,174.88,Palam
30-08-2024 05:13,135.46,Yamuna Vihar
28-08-2024 00:15,274.36,Model Town
05-09-2024 15:48,108.33,Udyog Vihar
06-09-2024 14:27,286.82,Najafgarh
21-08-2024 11:57,217.91,Dilshad Garden
09-08-2024 19:43,185.76,Saket
29-08-2024 12:43,225.37,Palam
10-08-2024 07:40,202,Karol Bagh
13-08-2024 10:39,299.1,Paschim Vihar
24-08-2024 11:29,204.15,Dwarka
22-08-2024 00:07,165.79,Kakrola
29-08-2024 07:06,259.96,Okhla
31-08-2024 07:55,190.81,Mandi House
17-08-2024 04:20,270.12,Saket
16-08-2024 00:44,104.04,Greater Kailash
16-08-2024 19:40,185.15,Timarpur
05-09-2024 22:22,161.52,Mayur Vihar
05-09-2024 20:03,115.86,Kanjhawala
11-08-2024 17:57,145.22,Greater Kailash
21-08-2024 20:30,100.09,Rajouri Garden
02-09-2024 21:26,288.68,Narela
29-08-2024 05:29,270.76,Timarpur
02-09-2024 04:25,120.57,Greater Kailash
23-08-2024 13:53,263,Model Town
05-09-2024 07:21,204.89,Dwarka
17-08-2024 23:28,291.97,Shahdara
10-08-2024 21:04,185.75,Paschim Vihar
05-09-2024 08:22,138.5,Model Town
09-08-2024 23:56,123.77,Pitampura
04-09-2024 04:24,297.06,Shankar Market
20-08-2024 15:20,267.27,Palam
10-08-2024 00:50,274.71,Narela
01-09-2024 13:14,133.37,Vasant Kunj
17-08-2024 15:13,295.21,Paschim Vihar
08-08-2024 13:20,206.49,Palam
03-09-2024 06:55,218.34,Connaught Place
08-08-2024 15:26,168.31,Preet Vihar
15-08-2024 13:04,178.73,Timarpur
31-08-2024 04:42,173.25,Dilshad Garden
04-09-2024 03:56,141.47,Okhla Industrial Area
12-08-2024 15:54,168.75,Palam
17-08-2024 23:51,252.88,Kakrola
21-08-2024 21:38,196.11,Anand Vihar
08-08-2024 21:40,206.04,Shankar Market
19-08-2024 15:18,144.68,Dwarka
11-08-2024 06:17,198.47,Rohini
08-08-2024 08:19,167.57,Anand Vihar
22-08-2024 09:41,251.95,Shankar Market
16-08-2024 05:16,128.84,Narela
18-08-2024 00:41,233.88,Rohini
12-08-2024 22:30,153.3,Shankar Market
21-08-2024 03:14,231.37,Dwarka
20-08-2024 19:53,268.84,Mayur Vihar
08-08-2024 22:45,270.22,India Gate
31-08-2024 22:44,124.02,Connaught Place
15-08-2024 02:02,251.62,Okhla Industrial Area
18-08-2024 04:14,259.85,Preet Vihar
30-08-2024 11:29,109.86,Hauz Khas
09-08-2024 12:14,217.23,Paschim Vihar
25-08-2024 10:37,240.02,Anand Vihar
02-09-2024 12:26,281.68,Wazirpur
04-09-2024 01:22,165.14,Rajouri Garden
08-08-2024 19:22,168.74,Najafgarh
10-08-2024 02:22,145.48,Lajpat Nagar
28-08-2024 10:14,215.34,Najafgarh
06-09-2024 07:58,294.04,Janakpuri
24-08-2024 04:54,253.66,Rajpath
30-08-2024 03:48,164.61,Okhla Industrial Area
12-08-2024 01:33,228.45,Lajpat Nagar
04-09-2024 00:26,167.74,Chandni Chowk
12-08-2024 15:24,145.36,Anand Vihar
18-08-2024 01:37,181.23,Okhla Industrial Area
13-08-2024 04:19,213.86,Rajouri Garden
12-08-2024 02:47,257.12,Dilshad Garden
21-08-2024 19:02,149.12,Preet Vihar
19-08-2024 17:45,248.63,Yamuna Vihar
05-09-2024 18:26,157.78,Rohini
10-08-2024 07:24,205.47,Kanjhawala
02-09-2024 09:18,207.83,Kalkaji
19-08-2024 23:47,219.42,Bawana
13-08-2024 15:17,172.87,Shankar Market
18-08-2024 03:34,136.27,Najafgarh
26-08-2024 23:54,113.6,Palam
27-08-2024 20:10,185.44,Model Town
02-09-2024 15:29,253.05,Wazirpur
18-08-2024 23:38,113.61,Shankar Market
10-08-2024 19:41,183.36,Shankar Market
12-08-2024 10:21,251.03,Kalkaji
23-08-2024 05:51,290.02,Yamuna Vihar
27-08-2024 13:30,205.63,Mayur Vihar
02-09-2024 22:17,211.83,Paharganj
15-08-2024 20:39,271.98,Shahdara
26-08-2024 12:41,251.53,Kalkaji
19-08-2024 18:43,133.9,Yamuna Vihar
04-09-2024 05:05,128.43,Punjabi Bagh
30-08-2024 06:34,255.25,Janakpuri
22-08-2024 15:55,188.22,Punjabi Bagh
06-09-2024 19:45,156.88,Paharganj
15-08-2024 14:38,279.92,Narela
30-08-2024 21:18,181.93,India Gate
08-08-2024 02:31,100.62,Palam
02-09-2024 14:28,247.17,Janakpuri
21-08-2024 14:03,202.01,Okhla Industrial Area
20-08-2024 00:18,102.75,Udyog Vihar
17-08-2024 02:17,258.83,Palam
11-08-2024 22:00,216.66,Chandni Chowk
01-09-2024 10:02,149.25,Najafgarh
08-08-2024 18:29,215.43,Model Town
31-08-2024 11:57,274.52,Janpath
16-08-2024 22:09,113.87,Rohini
01-09-2024 20:36,271.31,Anand Vihar
18-08-2024 08:37,111.78,Mandi House
08-08-2024 08:45,188.01,Bawana
24-08-2024 08:40,285.21,Punjabi Bagh
23-08-2024 17:23,191.69,Narela
14-08-2024 00:03,291.64,Vasant Kunj
29-08-2024 10:18,119.2,Pitampura
09-08-2024 04:51,122.71,Shankar Market
24-08-2024 19:42,105.98,Timarpur
22-08-2024 22:03,274.14,Pragati Maidan
01-09-2024 12:07,134.28,Janakpuri
18-08-2024 17:26,143.68,Pitampura
23-08-2024 02:30,123.88,Janakpuri
14-08-2024 23:58,200.52,Mandi House
16-08-2024 19:32,190.65,Lajpat Nagar
24-08-2024 00:33,208.22,Punjabi Bagh
03-09-2024 17:24,226.58,Rohini
27-08-2024 03:16,210.56,Vasant Kunj
05-09-2024 17:55,190.3,Lajpat Nagar
24-08-2024 08:39,114.62,Okhla Industrial Area
21-08-2024 19:53,102.58,Udyog Vihar
09-08-2024 06:27,128.37,Palam
06-09-2024 15:17,229.62,Paharganj
18-08-2024 09:32,260.93,Kakrola
03-09-2024 09:44,123.98,Rajouri Garden
14-08-2024 01:31,224.1,Paschim Vihar
23-08-2024 23:53,239.4,Kalkaji
20-08-2024 09:38,151.63,Yamuna Vihar
28-08-2024 15:14,107.82,Kanjhawala
20-08-2024 04:01,123.74,Shalimar Bagh
04-09-2024 13:22,267.93,Dwarka
15-08-2024 10:38,126.55,India Gate
12-08-2024 04:02,227.8,Kalkaji
09-08-2024 21:52,255.91,Karol Bagh
22-08-2024 05:11,262.08,Rajouri Garden
10-08-2024 13:15,177.7,Kanjhawala
08-08-2024 22:24,217.14,Paschim Vihar
20-08-2024 14:25,298.27,Wazirpur
31-08-2024 11:10,153.28,Kanjhawala
18-08-2024 16:39,157.65,Paharganj
09-08-2024 08:07,222.98,Janpath
26-08-2024 13:21,223.47,Bawana
24-08-2024 06:35,235.83,Chandni Chowk
05-09-2024 07:09,132.83,Najafgarh
10-08-2024 11:54,154.88,Karol Bagh
01-09-2024 00:16,181.2,Timarpur
08-08-2024 19:49,115.23,Vasant Kunj
06-09-2024 19:52,245.19,Hauz Khas
16-08-2024 07:45,122.94,Janakpuri
22-08-2024 18:06,207.57,New Delhi Railway Station Area
06-09-2024 09:56,153.6,Janpath
18-08-2024 15:56,119.47,Narela
06-09-2024 09:16,186.41,Dwarka
01-09-2024 13:49,228.7,Paschim Vihar
25-08-2024 02:55,123.14,Vasant Kunj
27-08-2024 08:08,221.01,Janpath
27-08-2024 18:10,246.16,Chandni Chowk
15-08-2024 20:33,182.46,Rohini
05-09-2024 06:02,265.14,Paharganj
21-08-2024 04:15,143.42,Karol Bagh
23-08-2024 02:06,119.71,Rohini
20-08-2024 02:38,140.18,Janpath
31-08-2024 15:58,277.6,Palam
24-08-2024 02:53,204.79,Narela
02-09-2024 03:19,205.1,Shankar Market
21-08-2024 22:34,116.13,Anand Vihar
19-08-2024 15:28,259.65,Wazirpur
12-08-2024 13:00,172.75,India Gate
30-08-2024 08:12,134,Janpath
25-08-2024 06:19,240.89,Rohini
13-08-2024 07:24,155.72,Paharganj
04-09-2024 02:47,285.34,Connaught Place
10-08-2024 19:32,111.73,Pragati Maidan
15-08-2024 02:11,284.2,Udyog Vihar
06-09-2024 15:19,285.44,Rohini
24-08-2024 01:56,180.89,Paharganj
27-08-2024 01:45,238.14,Vasant Kunj
29-08-2024 10:55,212.59,Vasant Kunj
20-08-2024 04:10,197.55,Rohini
30-08-2024 04:11,277.45,Hauz Khas
05-09-2024 12:05,237.49,Paschim Vihar
26-08-2024 07:36,111.99,Udyog Vihar
11-08-2024 20:53,277.78,Paharganj
10-08-2024 15:48,114.84,India Gate
13-08-2024 03:52,195.26,New Delhi Railway Station Area
06-09-2024 23:19,249.35,Najafgarh
09-08-2024 23:38,112.95,Punjabi Bagh
22-08-2024 04:32,260.73,Kanjhawala
09-08-2024 16:03,143.66,Dilshad Garden
29-08-2024 11:18,188.53,Pragati Maidan
13-08-2024 07:47,165.3,Mayur Vihar
22-08-2024 08:17,100.32,Dwarka
26-08-2024 19:16,222.61,Shahdara
04-09-2024 00:38,202.87,Yamuna Vihar
23-08-2024 07:03,166.4,Yamuna Vihar
19-08-2024 20:04,136.46,Pragati Maidan
15-08-2024 21:29,133.26,Rohini
19-08-2024 09:52,188.3,Greater Kailash
22-08-2024 14:34,126,Paschim Vihar
15-08-2024 11:13,235.69,Dilshad Garden
23-08-2024 23:36,137.09,Paschim Vihar
01-09-2024 04:15,124.02,Kalkaji
20-08-2024 04:47,112.75,Okhla
28-08-2024 20:01,173.64,Mandi House
08-08-2024 10:37,293.53,Model Town
06-09-2024 11:18,297.54,Janpath
26-08-2024 10:43,159.16,Model Town
02-09-2024 03:57,270.42,Paharganj
20-08-2024 11:49,260,Vasant Kunj
18-08-2024 19:45,100.19,Najafgarh
11-08-2024 16:07,234.31,Palam
24-08-2024 08:34,113.37,Paschim Vihar
28-08-2024 04:58,227.15,Pitampura
05-09-2024 21:02,132.15,Paharganj
12-08-2024 16:24,103.91,Shahdara
10-08-2024 12:27,170.69,Vasant Kunj
05-09-2024 16:55,262.6,Najafgarh
01-09-2024 10:13,206.41,Yamuna Vihar
27-08-2024 06:18,290.43,Kanjhawala
31-08-2024 12:06,284.74,Mayur Vihar
23-08-2024 09:38,116.02,Vasant Kunj
04-09-2024 21:06,118.26,CP (Connaught Place)
17-08-2024 05:40,174.25,Hauz Khas
15-08-2024 12:09,181.53,Rohini
31-08-2024 11:46,280.38,Paharganj
05-09-2024 00:26,228.56,Karol Bagh
31-08-2024 20:41,139.01,CP (Connaught Place)
12-08-2024 14:08,173.91,Rajpath
29-08-2024 07:04,146.3,Rohini
22-08-2024 22:48,219,Paschim Vihar
12-08-2024 09:10,168.21,Najafgarh
05-09-2024 03:46,251.59,Mayur Vihar
24-08-2024 15:32,234.3,Dilshad Garden
15-08-2024 00:39,137.11,Paharganj
16-08-2024 10:42,161.77,Lajpat Nagar
01-09-2024 20:59,116.55,Kakrola
17-08-2024 17:24,235.65,Dwarka Sector 21
05-09-2024 22:44,126.41,Dilshad Garden
10-08-2024 16:51,272.34,CP (Connaught Place)
23-08-2024 22:21,182.93,Wazirpur
02-09-2024 17:06,259.88,Rohini
02-09-2024 12:27,138.12,Model Town
06-09-2024 13:20,146.52,Chandni Chowk
24-08-2024 06:45,217.11,Timarpur
23-08-2024 21:25,129.48,Wazirpur
16-08-2024 02:56,155.27,Bawana
16-08-2024 12:38,144.09,Kanjhawala
02-09-2024 13:26,273.36,Palam
05-09-2024 10:13,112.69,Kanjhawala
05-09-2024 03:54,134.8,Kalkaji
02-09-2024 03:16,169.26,Janpath
14-08-2024 13:05,276.15,Shahdara
10-08-2024 17:30,274.44,Paharganj
05-09-2024 14:22,179.49,Bawana
12-08-2024 10:40,284.62,Vasant Kunj
15-08-2024 18:55,157.01,Bawana
18-08-2024 19:30,182.37,Okhla Industrial Area
01-09-2024 10:20,117.21,Pragati Maidan
09-08-2024 06:53,222.3,Mandi House
19-08-2024 04:22,216.22,Saket
02-09-2024 11:31,277.5,CP (Connaught Place)
31-08-2024 17:26,195.94,Mandi House
27-08-2024 15:13,101.52,Pragati Maidan
14-08-2024 18:03,157.91,Connaught Place
12-08-2024 02:50,110.68,Rohini
25-08-2024 19:16,167.9,Kalkaji
03-09-2024 03:20,202.21,Okhla Industrial Area
03-09-2024 02:09,206.15,Chandni Chowk
10-08-2024 19:33,177.33,Yamuna Vihar
13-08-2024 03:10,175.2,Paschim Vihar
19-08-2024 11:54,200.21,Timarpur
31-08-2024 10:38,277.95,Rohini
29-08-2024 17:47,232.93,Bawana
04-09-2024 21:21,256.59,Okhla Industrial Area
19-08-2024 05:43,208.81,Pragati Maidan
01-09-2024 02:36,186.83,Janakpuri
11-08-2024 00:15,290.67,Mandi House
16-08-2024 01:20,132.69,Greater Kailash
21-08-2024 15:54,195.28,Pitampura
02-09-2024 10:50,102.83,Kanjhawala
14-08-2024 21:53,212.4,Dilshad Garden
06-09-2024 11:13,126.78,Rajouri Garden
31-08-2024 20:26,278.57,Shankar Market
20-08-2024 04:17,111.38,Yamuna Vihar
28-08-2024 08:40,120.24,Vasant Kunj
30-08-2024 07:41,100.72,Wazirpur
09-08-2024 20:06,194.26,Saket
26-08-2024 17:29,154.13,Wazirpur
31-08-2024 09:04,199.18,Shalimar Bagh
09-08-2024 21:52,137.48,Anand Vihar
29-08-2024 09:53,133.77,Udyog Vihar
21-08-2024 11:30,223.87,Okhla
27-08-2024 12:11,266.47,Preet Vihar
18-08-2024 20:05,268.46,CP (Connaught Place)
30-08-2024 05:10,224.73,Pragati Maidan
04-09-2024 08:44,167.62,Preet Vihar
16-08-2024 19:15,269.47,Timarpur
13-08-2024 03:44,162.43,Rohini
21-08-2024 15:12,121.06,Okhla Industrial Area
01-09-2024 04:16,268.81,Narela
01-09-2024 21:11,205.94,Wazirpur
20-08-2024 11:26,258.4,Udyog Vihar
31-08-2024 02:47,278.42,Paschim Vihar
10-08-2024 22:05,292.21,Kakrola
17-08-2024 17:05,295.98,Janakpuri
09-08-2024 01:12,186.7,Greater Kailash
24-08-2024 16:59,185.91,Kanjhawala
03-09-2024 10:49,206.18,Dwarka
28-08-2024 01:41,251.25,Kanjhawala
26-08-2024 09:27,103.98,Yamuna Vihar
11-08-2024 11:54,157.98,Kakrola
30-08-2024 07:59,157.46,Timarpur
30-08-2024 16:27,157.91,Connaught Place
25-08-2024 16:59,292.2,Yamuna Vihar
10-08-2024 10:07,134.52,Connaught Place
08-08-2024 14:07,223.16,Okhla
04-09-2024 22:36,294.22,Model Town
15-08-2024 01:07,234.03,Rajouri Garden
08-08-2024 18:36,100.93,CP (Connaught Place)
09-08-2024 17:42,281.88,Rohini
28-08-2024 06:03,290.13,Mayur Vihar
19-08-2024 11:27,226.28,Okhla
03-09-2024 12:52,198.88,Lajpat Nagar
09-08-2024 03:21,207.28,Paschim Vihar
26-08-2024 00:47,276.66,Rajpath
31-08-2024 15:58,249.82,Timarpur
16-08-2024 02:19,298.06,Hauz Khas
04-09-2024 03:05,235.33,Janpath
09-08-2024 06:39,123.37,Mandi House
18-08-2024 14:47,178.8,Dilshad Garden
08-08-2024 16:20,127.6,CP (Connaught Place)
21-08-2024 00:19,291.21,Greater Kailash
05-09-2024 18:05,224.21,Greater Kailash
05-09-2024 01:24,102.41,Okhla
23-08-2024 20:54,165.86,Rohini
20-08-2024 02:39,251.6,Najafgarh
01-09-2024 09:45,199.29,Hauz Khas
02-09-2024 02:34,196.89,Dwarka
11-08-2024 09:19,125.19,Okhla Industrial Area
06-09-2024 12:01,183.32,Rajouri Garden
06-09-2024 06:51,241.74,Greater Kailash
08-08-2024 04:22,283.84,Dwarka
03-09-2024 20:31,214.69,Dwarka
25-08-2024 07:20,298.78,Mayur Vihar
29-08-2024 10:29,248.29,Connaught Place
14-08-2024 13:17,205.49,Mandi House
18-08-2024 23:04,265.8,Janpath
03-09-2024 16:38,269.89,Udyog Vihar
06-09-2024 21:08,112.91,Dilshad Garden
12-08-2024 04:25,293.14,Anand Vihar
22-08-2024 16:45,242.63,Pitampura
29-08-2024 14:45,199.63,Kakrola
19-08-2024 05:56,190.2,Preet Vihar
10-08-2024 12:24,262.25,Punjabi Bagh
16-08-2024 05:46,199.7,Connaught Place
23-08-2024 03:05,204.05,Najafgarh
28-08-2024 04:44,230.1,Yamuna Vihar
21-08-2024 00:06,253.82,Greater Kailash
06-09-2024 16:15,229.27,Karol Bagh
13-08-2024 09:38,172.68,Najafgarh
31-08-2024 18:09,158.99,Hauz Khas
19-08-2024 07:27,185.05,Kakrola
04-09-2024 19:20,269.52,Karol Bagh
04-09-2024 04:15,229.28,Greater Kailash
04-09-2024 17:47,232.75,Dwarka Sector 21
25-08-2024 14:31,126.97,Shankar Market
05-09-2024 17:33,171.72,Najafgarh
17-08-2024 23:08,181.17,Kakrola
05-09-2024 20:24,298.86,CP (Connaught Place)
27-08-2024 01:05,299.49,Timarpur
03-09-2024 13:00,122.16,Dwarka
21-08-2024 09:20,111.91,Yamuna Vihar
27-08-2024 13:51,218.61,Janpath
16-08-2024 07:30,186.26,Rohini
06-09-2024 12:31,208.65,Lajpat Nagar
19-08-2024 01:35,214.88,CP (Connaught Place)
31-08-2024 05:55,100.41,New Delhi Railway Station Area
22-08-2024 22:40,184.27,Kalkaji
08-08-2024 01:37,185.96,Najafgarh
29-08-2024 18:33,222.52,Chandni Chowk
13-08-2024 01:13,245.66,Shahdara
23-08-2024 23:20,283.07,Shankar Market
03-09-2024 17:19,194.29,Preet Vihar
22-08-2024 18:10,105.78,Paschim Vihar
30-08-2024 16:23,282.63,Janpath
17-08-2024 11:00,264.53,Rohini
04-09-2024 12:39,273.32,Pitampura
14-08-2024 07:48,283.02,Okhla
29-08-2024 12:00,259.59,Okhla
28-08-2024 08:21,272.85,India Gate
06-09-2024 13:46,172.58,Paschim Vihar
25-08-2024 16:03,265,New Delhi Railway Station Area
22-08-2024 10:08,108.78,Okhla Industrial Area
14-08-2024 05:53,145.93,Janakpuri
28-08-2024 21:15,257.73,Dwarka
19-08-2024 20:09,108.17,Model Town
08-08-2024 00:01,258.6,Paschim Vihar
25-08-2024 11:22,296.55,Narela
22-08-2024 12:16,239.57,Lajpat Nagar
26-08-2024 10:10,236.65,Saket
18-08-2024 20:55,247.51,Paharganj
29-08-2024 05:45,130.66,Hauz Khas
25-08-2024 03:08,135.12,Dwarka
14-08-2024 04:23,257.37,Hauz Khas
13-08-2024 02:42,183.96,Shankar Market
28-08-2024 14:50,100.27,Shahdara
01-09-2024 21:49,144.75,Yamuna Vihar
06-09-2024 07:15,127.24,Rohini
20-08-2024 13:39,200.97,Timarpur
21-08-2024 02:55,231.59,Kakrola
21-08-2024 11:50,298.5,Preet Vihar
06-09-2024 05:59,213.68,Yamuna Vihar
04-09-2024 10:57,229.31,Shankar Market
31-08-2024 04:50,246.36,Janakpuri
27-08-2024 02:40,211.76,Timarpur
27-08-2024 14:25,210.26,Rohini
25-08-2024 18:47,163.86,Shahdara
21-08-2024 08:16,112.13,CP (Connaught Place)
21-08-2024 14:11,286.05,Preet Vihar
30-08-2024 15:58,172.61,Paschim Vihar
30-08-2024 23:45,131.59,Greater Kailash
08-08-2024 04:38,165.83,Janpath
16-08-2024 09:38,102.29,Anand Vihar
04-09-2024 14:55,226.48,Pitampura
19-08-2024 06:54,172.15,Okhla Industrial Area
06-09-2024 23:10,156.22,Timarpur
13-08-2024 09:40,150.24,Rohini
12-08-2024 15:31,169.7,Punjabi Bagh
16-08-2024 11:04,107.73,Greater Kailash
14-08-2024 19:48,265.79,Okhla Industrial Area
25-08-2024 00:07,261.05,Model Town
18-08-2024 16:30,201.61,Dwarka
10-08-2024 04:56,224.04,Mandi House
18-08-2024 20:13,187.04,Okhla Industrial Area
21-08-2024 05:02,100.89,Greater Kailash
25-08-2024 18:36,150.79,Kanjhawala
10-08-2024 14:47,160.41,Rajpath
31-08-2024 12:57,193.33,Paschim Vihar
29-08-2024 04:28,285.68,Saket
26-08-2024 00:30,146.82,Shahdara
09-08-2024 06:52,195.24,Connaught Place
06-09-2024 10:29,196.53,Bawana
03-09-2024 23:14,246.68,Shankar Market
19-08-2024 05:39,275.55,Janakpuri
30-08-2024 12:36,271.99,Rajouri Garden
10-08-2024 03:10,290.92,CP (Connaught Place)
16-08-2024 23:30,241.26,Okhla Industrial Area
19-08-2024 11:01,129.15,Kalkaji
05-09-2024 11:53,259.65,Dwarka
11-08-2024 14:40,215.16,Timarpur
04-09-2024 19:34,237.7,Kakrola
15-08-2024 01:18,204.36,Anand Vihar
20-08-2024 17:40,162.72,CP (Connaught Place)
25-08-2024 13:50,168.36,Dwarka Sector 21
24-08-2024 08:32,168.79,Paschim Vihar
08-08-2024 04:58,176.18,Kalkaji
31-08-2024 20:36,224.65,Saket
05-09-2024 20:07,296.34,Paschim Vihar
26-08-2024 12:36,217.33,Kakrola
02-09-2024 20:50,260.76,Janpath
19-08-2024 11:18,228.61,Preet Vihar
21-08-2024 21:44,263.78,Rajpath
06-09-2024 01:26,290.46,Rohini
15-08-2024 00:58,114.46,Greater Kailash
31-08-2024 03:03,143.53,Dwarka
21-08-2024 12:04,232.4,Karol Bagh
15-08-2024 05:18,250.03,Udyog Vihar
04-09-2024 16:47,161.79,Pragati Maidan
23-08-2024 21:27,108.31,Dwarka
10-08-2024 17:53,123.75,Rohini
21-08-2024 21:39,244.56,Preet Vihar
04-09-2024 16:14,235.59,Rajouri Garden
30-08-2024 04:40,281.33,Bawana
24-08-2024 16:56,249.7,Okhla Industrial Area
01-09-2024 18:16,202.97,Okhla Industrial Area
20-08-2024 08:39,160.93,Janakpuri
16-08-2024 08:53,112.83,Vasant Kunj
14-08-2024 16:58,283.66,Connaught Place
01-09-2024 13:52,266.96,Dwarka
26-08-2024 05:42,241.71,Shahdara
24-08-2024 06:36,134.76,Pitampura
03-09-2024 04:27,127.89,Kanjhawala
29-08-2024 12:43,132.97,Kalkaji
26-08-2024 05:33,258.11,Narela
22-08-2024 04:56,135.72,CP (Connaught Place)
20-08-2024 05:49,145.2,Model Town
12-08-2024 13:59,145.91,Paschim Vihar
12-08-2024 17:34,257.81,Punjabi Bagh
31-08-2024 02:58,293.62,Paharganj
01-09-2024 05:58,189.15,Janakpuri
18-08-2024 00:11,221.99,Janakpuri
15-08-2024 16:43,290.14,Lajpat Nagar
02-09-2024 16:28,138.4,Paschim Vihar
21-08-2024 16:52,140.92,Timarpur
06-09-2024 21:59,163.66,Hauz Khas
10-08-2024 12:49,136.47,Rohini
14-08-2024 23:44,254.42,Wazirpur
19-08-2024 13:10,171.21,Wazirpur
14-08-2024 23:49,176.53,Model Town
24-08-2024 20:11,174.79,Hauz Khas
08-08-2024 22:24,110.19,Rohini
17-08-2024 15:05,297.74,Paschim Vihar
17-08-2024 14:37,259.08,Model Town
19-08-2024 20:13,252.07,Wazirpur
06-09-2024 08:23,288.1,Connaught Place
23-08-2024 10:03,236.88,Karol Bagh
10-08-2024 07:33,213.83,Vasant Kunj
22-08-2024 06:53,146.52,Najafgarh
24-08-2024 19:52,250.34,Palam
21-08-2024 20:00,221.54,Shankar Market
05-09-2024 10:08,260.72,Karol Bagh
25-08-2024 16:40,215.14,Chandni Chowk
10-08-2024 06:17,228.39,Anand Vihar
15-08-2024 13:53,121.56,Kanjhawala
12-08-2024 15:29,299.64,Paharganj
03-09-2024 17:49,295.06,Vasant Kunj
05-09-2024 10:20,188.76,Rohini
03-09-2024 06:19,169.25,Janakpuri
25-08-2024 17:15,104.52,Model Town
29-08-2024 04:31,126.94,Mandi House
01-09-2024 12:15,296.43,Mayur Vihar
13-08-2024 08:53,269.66,Preet Vihar
03-09-2024 04:06,208.7,Anand Vihar
03-09-2024 15:47,291.27,Timarpur
22-08-2024 15:05,214.28,Narela
09-08-2024 01:18,256.41,Greater Kailash
12-08-2024 06:14,252,Kakrola
12-08-2024 10:16,196.02,Mayur Vihar
18-08-2024 02:25,117.74,Shankar Market
29-08-2024 20:56,202.79,Dwarka
13-08-2024 05:17,217.7,CP (Connaught Place)
17-08-2024 20:50,165.94,Udyog Vihar
01-09-2024 19:26,116.32,Rohini
23-08-2024 21:31,269.61,Paharganj
02-09-2024 10:31,107.62,Rohini
13-08-2024 08:39,228.55,India Gate
28-08-2024 23:33,231.35,Preet Vihar
30-08-2024 06:41,123.62,Paharganj
10-08-2024 13:08,247.65,Janpath
03-09-2024 23:44,128.43,Narela
18-08-2024 02:31,228.95,Mandi House
21-08-2024 09:05,156.92,Okhla Industrial Area
04-09-2024 06:28,124.74,Mayur Vihar
18-08-2024 00:44,105.2,Greater Kailash
10-08-2024 01:21,120.43,Yamuna Vihar
21-08-2024 23:54,182.04,Rohini
31-08-2024 06:04,226.27,India Gate
29-08-2024 08:59,137.75,Udyog Vihar
30-08-2024 04:44,294.8,Paharganj
28-08-2024 08:36,208.95,Shankar Market
01-09-2024 07:01,186.41,Timarpur
06-09-2024 13:53,136.88,Kanjhawala
15-08-2024 23:53,187.09,Janpath
27-08-2024 06:34,221.28,Model Town
26-08-2024 14:26,193.43,Model Town
09-08-2024 00:36,108.44,Dwarka Sector 21
28-08-2024 19:37,103.36,Bawana
08-08-2024 21:16,234.69,Mandi House
20-08-2024 14:37,260.98,Rohini
31-08-2024 04:09,107.37,Anand Vihar
13-08-2024 15:33,254.75,Bawana
02-09-2024 01:08,137.14,Udyog Vihar
22-08-2024 20:35,181.13,Shalimar Bagh
22-08-2024 11:26,103.72,Hauz Khas
12-08-2024 12:36,246.24,Rohini
20-08-2024 16:11,166.53,Kakrola
12-08-2024 06:45,140.06,Kakrola
18-08-2024 08:21,126.05,Timarpur
18-08-2024 12:45,191.43,Dwarka
11-08-2024 13:04,240.53,Punjabi Bagh
27-08-2024 22:06,276.1,Palam
26-08-2024 09:55,152.5,Udyog Vihar
20-08-2024 03:02,111.33,Vasant Kunj
17-08-2024 02:57,128.47,Janakpuri
19-08-2024 14:50,254.13,Janakpuri
03-09-2024 21:23,211.55,Yamuna Vihar
25-08-2024 10:46,235.84,Paharganj
17-08-2024 14:32,173.37,Wazirpur
14-08-2024 10:47,287.5,Mayur Vihar
18-08-2024 22:51,252.03,Pragati Maidan
04-09-2024 17:53,211.4,Connaught Place
11-08-2024 10:31,236.37,Narela
25-08-2024 11:08,136.13,Rohini
20-08-2024 20:26,237.99,Shalimar Bagh
03-09-2024 11:45,273.15,Greater Kailash
16-08-2024 16:22,245.8,Shalimar Bagh
14-08-2024 19:24,214.08,Model Town
12-08-2024 20:36,149.16,Model Town
15-08-2024 03:28,202.61,New Delhi Railway Station Area
02-09-2024 20:56,183.37,Rohini
23-08-2024 21:02,154.16,India Gate
05-09-2024 06:23,139.29,India Gate
08-08-2024 22:14,178.67,Anand Vihar
20-08-2024 13:43,178.09,Paharganj
25-08-2024 03:59,109.89,Rajpath
13-08-2024 05:03,166.99,Model Town
30-08-2024 12:24,196.91,Shankar Market
27-08-2024 14:13,244.25,Preet Vihar
24-08-2024 23:53,299.98,Rohini
09-08-2024 21:15,264.84,Okhla
29-08-2024 08:57,120.96,Paharganj
10-08-2024 00:56,141.65,Yamuna Vihar
04-09-2024 02:26,279.78,Timarpur
29-08-2024 13:58,176.72,Shankar Market
27-08-2024 03:19,225.06,Shankar Market
06-09-2024 16:47,107.2,Chandni Chowk
15-08-2024 04:05,245.29,Rajpath
15-08-2024 14:21,100.28,Kanjhawala
26-08-2024 10:51,283.42,Rajpath
06-09-2024 07:28,178.44,CP (Connaught Place)
02-09-2024 18:11,123.43,Wazirpur
13-08-2024 13:19,142.96,India Gate
26-08-2024 13:01,146.2,Anand Vihar
28-08-2024 17:06,163.61,Pitampura
06-09-2024 01:14,224.28,Rajpath
30-08-2024 20:18,178.86,New Delhi Railway Station Area
18-08-2024 13:15,141.34,Kalkaji
13-08-2024 08:57,264.27,Rohini
28-08-2024 05:26,147.16,Kakrola
17-08-2024 09:54,244.53,Mandi House
08-08-2024 02:47,160.64,Vasant Kunj
18-08-2024 09:31,145.35,Janpath
28-08-2024 23:45,171.42,Rohini
23-08-2024 01:40,118.43,Bawana
08-08-2024 19:01,245.68,Chandni Chowk
02-09-2024 20:02,128.06,Model Town
24-08-2024 18:17,244.47,Okhla Industrial Area
15-08-2024 03:13,290.39,Pragati Maidan
13-08-2024 22:58,293.59,Kalkaji
09-08-2024 14:09,189.33,Rohini
14-08-2024 04:04,132.7,Narela
10-08-2024 23:25,166.61,Saket
25-08-2024 17:37,252.39,Shankar Market
29-08-2024 00:47,181.57,Timarpur
20-08-2024 23:26,164.18,Janpath
20-08-2024 23:38,183.93,Shalimar Bagh
01-09-2024 14:48,164.18,Wazirpur
14-08-2024 09:23,218.35,Dilshad Garden
27-08-2024 21:13,231.8,Timarpur
29-08-2024 03:07,109.15,Janakpuri
31-08-2024 22:36,262.29,Kanjhawala
11-08-2024 05:25,157.15,Okhla
29-08-2024 20:09,126.09,Yamuna Vihar
29-08-2024 09:01,258.18,Hauz Khas
04-09-2024 06:28,105.02,Chandni Chowk
13-08-2024 04:00,277.22,CP (Connaught Place)
11-08-2024 17:41,234.95,Najafgarh
03-09-2024 19:36,257.35,Pragati Maidan
05-09-2024 11:44,232.05,Wazirpur
05-09-2024 01:39,228.44,Karol Bagh
12-08-2024 17:53,210.17,Shahdara
30-08-2024 22:09,155.87,Narela
04-09-2024 20:24,144.48,Dwarka
28-08-2024 18:03,190.61,Dwarka
26-08-2024 00:13,155.42,Wazirpur
21-08-2024 13:41,291.25,Okhla Industrial Area
25-08-2024 20:01,129.12,Lajpat Nagar
28-08-2024 02:33,124.94,Kakrola
30-08-2024 13:35,219.71,Lajpat Nagar
27-08-2024 05:11,167.02,Anand Vihar
13-08-2024 10:13,128.73,Najafgarh
24-08-2024 20:12,229.36,Dwarka Sector 21
20-08-2024 10:07,232.49,Shalimar Bagh
17-08-2024 12:44,216.52,Model Town
10-08-2024 03:38,111.56,CP (Connaught Place)
27-08-2024 04:53,102.4,Greater Kailash
15-08-2024 13:52,181.04,Kalkaji
22-08-2024 23:05,241.79,Udyog Vihar
24-08-2024 17:31,196.8,Rajouri Garden
02-09-2024 14:04,115.73,Kanjhawala
08-08-2024 02:59,297.24,Udyog Vihar
20-08-2024 02:15,103.79,Okhla
27-08-2024 14:22,206.7,Najafgarh
12-08-2024 06:41,259.04,Paharganj
13-08-2024 15:06,295.44,Rajouri Garden
19-08-2024 13:20,181.23,Rohini
10-08-2024 06:52,249.66,Kakrola
09-08-2024 08:13,145.84,Paharganj
02-09-2024 15:54,209.76,Rohini
23-08-2024 13:02,118.53,Bawana
16-08-2024 21:20,174.98,Okhla
30-08-2024 04:34,299.04,Rohini
24-08-2024 10:37,161.08,Dwarka
29-08-2024 19:22,182.16,Shalimar Bagh
23-08-2024 14:35,197.26,Punjabi Bagh
20-08-2024 20:57,247.03,Kanjhawala
20-08-2024 19:43,130.61,Paharganj
03-09-2024 23:15,220.5,Dwarka Sector 21
28-08-2024 13:42,247.14,Mayur Vihar
02-09-2024 05:40,174.03,Dilshad Garden
22-08-2024 12:39,275.29,Rohini
22-08-2024 19:31,195.7,Janpath
18-08-2024 05:50,212.83,Narela
31-08-2024 04:07,106.3,Bawana
28-08-2024 14:59,235.52,Kakrola
27-08-2024 17:57,175.33,Udyog Vihar
06-09-2024 09:35,163.03,Paschim Vihar
19-08-2024 23:04,113.71,Rohini
02-09-2024 07:09,262.94,Preet Vihar
03-09-2024 15:05,283.46,Karol Bagh
04-09-2024 08:53,234.7,Timarpur
22-08-2024 07:36,286.61,Okhla Industrial Area
23-08-2024 00:32,209.99,Punjabi Bagh
06-09-2024 02:30,299.89,Janakpuri
24-08-2024 22:03,188.03,Lajpat Nagar
02-09-2024 19:40,174.3,Yamuna Vihar
30-08-2024 21:04,114.6,Wazirpur
17-08-2024 23:40,244.56,Vasant Kunj
13-08-2024 03:57,247.69,Rajpath
30-08-2024 16:09,197.39,Shahdara
10-08-2024 12:11,169.73,Dwarka
06-09-2024 13:03,157.37,Preet Vihar
23-08-2024 16:11,134.9,Dwarka Sector 21
11-08-2024 12:25,276.49,Lajpat Nagar
11-08-2024 17:51,292.58,Kakrola
10-08-2024 13:06,248.46,Shalimar Bagh
08-08-2024 00:56,247.22,Lajpat Nagar
09-08-2024 10:20,217.55,Dwarka Sector 21
25-08-2024 20:29,226.77,Saket
31-08-2024 03:47,247.82,Anand Vihar
08-08-2024 03:34,272.32,Vasant Kunj
14-08-2024 08:51,284.1,Pragati Maidan
29-08-2024 21:57,131.71,Kalkaji
22-08-2024 03:31,223.36,Lajpat Nagar
16-08-2024 14:19,258.48,Dwarka Sector 21
27-08-2024 01:17,190.46,Janpath
11-08-2024 00:54,112.99,Shahdara
25-08-2024 14:00,194.73,India Gate
21-08-2024 20:01,244.74,Janakpuri
13-08-2024 01:19,116.14,Dwarka
14-08-2024 01:59,110.37,Rajpath
26-08-2024 05:49,165.82,Saket
24-08-2024 12:11,157.74,Rohini
20-08-2024 07:46,266.84,Timarpur
03-09-2024 23:06,291.92,Palam
30-08-2024 23:49,174.96,Karol Bagh
30-08-2024 18:02,164.1,CP (Connaught Place)
22-08-2024 19:31,190.84,Yamuna Vihar
15-08-2024 03:59,114.66,Bawana
19-08-2024 02:19,278.95,Kanjhawala
21-08-2024 02:46,124.65,Shankar Market
20-08-2024 07:55,169.8,Hauz Khas
17-08-2024 23:12,272.77,Janpath
21-08-2024 03:31,216.89,Dwarka
09-08-2024 07:05,128.64,Pragati Maidan
27-08-2024 09:44,297.47,Rohini
06-09-2024 15:27,267.06,India Gate
18-08-2024 10:48,200.93,Okhla
31-08-2024 02:59,188.71,Bawana
01-09-2024 01:37,200.15,Kanjhawala
12-08-2024 21:51,100.63,Kakrola
08-08-2024 16:57,192.49,Pragati Maidan
08-08-2024 09:40,104.54,Najafgarh
06-09-2024 14:30,292.28,Kanjhawala
22-08-2024 03:07,287.52,Janpath
25-08-2024 00:34,105.97,Saket
06-09-2024 18:13,298.14,Chandni Chowk
08-08-2024 07:24,292.32,Shalimar Bagh
17-08-2024 15:29,248.22,Dwarka Sector 21
22-08-2024 19:43,193.78,Dilshad Garden
06-09-2024 15:48,174.09,Timarpur
29-08-2024 05:04,246.6,Karol Bagh
08-08-2024 10:27,194.96,Kanjhawala
30-08-2024 09:29,198.48,Rajouri Garden
10-08-2024 03:35,221.61,Timarpur
14-08-2024 12:24,299.35,Hauz Khas
30-08-2024 08:42,252.53,Pragati Maidan
01-09-2024 08:27,183.27,Greater Kailash
19-08-2024 13:19,155.82,Rohini
09-08-2024 21:56,208.34,Pragati Maidan
04-09-2024 10:16,128.98,Pragati Maidan
20-08-2024 09:12,166.86,Lajpat Nagar
09-08-2024 00:45,277.09,Saket
11-08-2024 16:27,173.76,Yamuna Vihar
18-08-2024 02:00,185.71,Dwarka Sector 21
30-08-2024 13:52,181.53,Dwarka Sector 21
12-08-2024 17:24,152.26,Rohini
01-09-2024 01:28,243.02,Lajpat Nagar
15-08-2024 07:43,246.32,Preet Vihar
10-08-2024 06:46,182.89,Pitampura
02-09-2024 09:40,111.83,Lajpat Nagar
06-09-2024 18:40,160.05,Model Town
01-09-2024 07:01,100.7,Najafgarh
14-08-2024 10:45,178.55,Dwarka Sector 21
